geo,adjusted_freq_value
AT,40.019999999999996
BE,41.98
BG,34.28
CY,29.860000000000003
CZ,40.44
DE,38.68
DK,46.019999999999996
EE,31.060000000000002
EL,33.56
ES,34.620000000000005
EU27_2020,36.260000000000005
FR,40.58
HR,29.939999999999998
HU,29.940000000000005
IE,37.839999999999996
IT,35.86
LT,25.919999999999998
LU,44.32000000000001
LV,26.5
MT,32.9
NL,42.239999999999995
PL,28.439999999999998
PT,38.18
RO,28.9
SE,37.98
SI,33.8
SK,29.6
